-7146,P=R@Y,FALSE,23/12/2017
9489,29?QC,FALSE,22/12/2017
-2786,.HQD5,FALSE,18/12/2017
-9827,:C<?D,FALSE,11/12/2017
1597,Y5VPT,FALSE,24/11/2017
694,NAPQO,FALSE,22/11/2017
7874,Z@CR0,FALSE,18/11/2017
-1734,0AW41,FALSE,17/11/2017
5222,CK.ZK,FALSE,15/11/2017
8889,NO4GK,FALSE,11/11/2017
-9670,SNT2T,FALSE,10/11/2017
-2206,JE;?C,FALSE,28/10/2017
2295,BF:L:,FALSE,27/10/2017
-772,8VUR>,FALSE,24/10/2017
76,LO21<,FALSE,9/10/2017
7629,7OC;B,FALSE,24/9/2017
8259,=2GQW,FALSE,23/9/2017
-1486,TL7TO,FALSE,20/9/2017
5465,IF7KR,FALSE,19/9/2017
-500,I5<IZ,FALSE,17/9/2017
8509,D-.W9,FALSE,24/8/2017
7985,D<0@P,FALSE,17/8/2017
3766,=->LH,FALSE,14/8/2017
-7204,PISKJ,FALSE,5/8/2017
-9525,-ME0P,FALSE,2/8/2017
5627,J;SRU,FALSE,2/8/2017
-3112,R/:O4,FALSE,25/7/2017
4294,YF7JX,FALSE,24/7/2017
1162,R:8S1,FALSE,22/7/2017
-2226,HL?Y<,FALSE,12/7/2017
5746,@A1G?,FALSE,2/7/2017
-3095,R.34E,FALSE,26/6/2017
7530,.VEYC,FALSE,18/6/2017
-9138,VLIT9,FALSE,15/6/2017
-7826,7TV=N,FALSE,13/6/2017
-9546,/N/HV,FALSE,7/6/2017
9661,SFT;A,FALSE,22/5/2017
3903,RU?9/,FALSE,20/5/2017
577,>>AV1,FALSE,19/5/2017
-7011,=IO/<,FALSE,17/5/2017
7125,<1/6O,FALSE,14/5/2017
6881,8MBF=,FALSE,13/5/2017
-4573,?Q?T0,FALSE,11/5/2017
-6815,XM3N2,FALSE,22/4/2017
-361,OZ=0H,FALSE,13/4/2017
-314,9=XIN,FALSE,12/4/2017
-5678,LXE@9,FALSE,8/4/2017
-2768,N68YW,FALSE,8/4/2017
-8761,6<RXB,FALSE,6/4/2017
4023,D3W?N,FALSE,3/4/2017
6058,2F85Z,FALSE,24/3/2017
-1184,DQJ/7,FALSE,23/3/2017
-508,;5.;K,FALSE,22/3/2017
-966,Q<;6;,FALSE,21/3/2017
686,4WBZ/,FALSE,21/3/2017
5143,4<XQ1,FALSE,11/3/2017
7442,XYQ@F,FALSE,7/3/2017
-9968,8KAX2,FALSE,17/2/2017
-1824,E4P.D,FALSE,17/2/2017
6364,E;<1B,FALSE,16/2/2017
-3771,XRC?I,FALSE,10/2/2017
-6622,:=HSD,FALSE,9/2/2017
-2674,0;1U5,FALSE,8/2/2017
-8351,2=WTV,FALSE,27/1/2017
-6946,3SOOR,FALSE,21/1/2017
-5203,OO=GP,FALSE,18/1/2017
-2482,<FV?B,FALSE,18/1/2017
-1063,A1D;-,FALSE,13/1/2017
-8138,;VE7?,FALSE,10/1/2017
-6201,P@.FZ,FALSE,4/1/2017
-1338,><6:A,FALSE,3/1/2017
9025,8T-N.,FALSE,18/12/2016
-5458,?O3LH,FALSE,14/12/2016
-5273,0R9PA,FALSE,14/12/2016
496,WMRU=,FALSE,9/12/2016
7808,9-WH.,FALSE,5/12/2016
5501,C>9WE,FALSE,27/11/2016
-4639,L24=J,FALSE,19/11/2016
-3901,JC5@>,FALSE,13/11/2016
-8572,8=J9S,FALSE,11/11/2016
4110,DLSIT,FALSE,10/11/2016
4855,M7KJ1,FALSE,8/11/2016
6127,5JS6@,FALSE,1/11/2016
-8061,IVL=W,FALSE,25/10/2016
-6255,AIGJ;,FALSE,22/10/2016
-2103,5EFRA,FALSE,22/10/2016
-3413,<GP4:,FALSE,8/10/2016
1959,NZJ//,FALSE,8/10/2016
-7383,UE5I-,FALSE,23/9/2016
-1062,8R?<X,FALSE,9/9/2016
1183,:7>O1,FALSE,7/9/2016
-7528,OP/YF,FALSE,5/9/2016
779,6NEF9,FALSE,28/8/2016
-9061,689O5,FALSE,26/8/2016
-6125,-KL=A,FALSE,21/8/2016
-1668,6B<FK,FALSE,19/8/2016
-6736,9F?I:,FALSE,14/8/2016
4016,@4RO;,FALSE,14/8/2016
7933,55FLP,FALSE,7/8/2016
-3054,PFZ0:,FALSE,6/8/2016
4317,V12<B,FALSE,6/8/2016
-2612,G=ZTG,FALSE,22/7/2016
6814,7T=E5,FALSE,20/7/2016
9960,:/44A,FALSE,7/7/2016
-3077,XRJXP,FALSE,4/7/2016
7943,?.1D7,FALSE,27/6/2016
-7224,6WQTA,FALSE,17/6/2016
-5872,H7DA/,FALSE,16/6/2016
4308,YB8JT,FALSE,16/6/2016
8085,A9OHJ,FALSE,13/6/2016
-9567,DEY.2,FALSE,7/6/2016
-1471,ONY4C,FALSE,19/5/2016
5531,OMCPF,FALSE,8/5/2016
-2951,XH5MH,FALSE,7/5/2016
7789,>LSS1,FALSE,3/5/2016
6700,XW5>?,FALSE,1/5/2016
-3367,8I3EN,FALSE,28/4/2016
-3589,<Q=<1,FALSE,20/4/2016
2677,ADJHD,FALSE,18/4/2016
-2382,0<J86,FALSE,16/4/2016
1854,VTG7V,FALSE,13/4/2016
8567,.G6CI,FALSE,11/4/2016
-7068,GR?F-,FALSE,26/3/2016
5856,:9IG.,FALSE,21/3/2016
7134,PIFUO,FALSE,21/3/2016
6572,OXZ5Y,FALSE,14/3/2016
-1467,.;I5A,FALSE,12/3/2016
6654,OH6-8,FALSE,3/3/2016
7859,Z99QK,FALSE,28/2/2016
-2379,?99UA,FALSE,27/2/2016
1472,L6N@>,FALSE,25/2/2016
-9658,T0L-W,FALSE,4/2/2016
8525,GE--3,FALSE,28/1/2016
7872,4GX=N,FALSE,11/1/2016
9093,ME6@5,FALSE,9/1/2016
-2891,YKP>;,FALSE,4/1/2016
1193,Q8G-=,FALSE,9/12/2015
-627,C=I40,FALSE,4/12/2015
7346,;412E,FALSE,20/11/2015
-1174,N8@=W,FALSE,17/11/2015
4856,7BI:1,FALSE,15/11/2015
-9624,>0/1@,FALSE,14/11/2015
3870,N1VJ0,FALSE,14/11/2015
-1726,EA86.,FALSE,8/11/2015
769,PKP2F,FALSE,5/11/2015
653,/DP3.,FALSE,3/11/2015
-9786,U2L46,FALSE,20/10/2015
216,4QCB5,FALSE,18/10/2015
-2375,X22FF,FALSE,17/10/2015
-2354,913QY,FALSE,16/10/2015
9811,6=GST,FALSE,13/10/2015
-550,ZIW:L,FALSE,10/10/2015
-5388,S7P68,FALSE,3/10/2015
-2478,I@O-5,FALSE,26/9/2015
8806,O0FN:,FALSE,15/9/2015
9995,/EZO9,FALSE,7/9/2015
-8562,.6WUU,FALSE,5/9/2015
7485,LQ3.L,FALSE,5/9/2015
-9163,XF;YR,FALSE,3/9/2015
6096,</=;B,FALSE,27/8/2015
6652,60?.A,FALSE,15/8/2015
-3666,:B>K.,FALSE,14/8/2015
-3777,GZ<37,FALSE,11/8/2015
8098,62GWT,FALSE,7/8/2015
-6907,2JEMJ,FALSE,12/7/2015
2709,>GFR4,FALSE,5/7/2015
4041,XWCED,FALSE,23/6/2015
-3580,HI/V/,FALSE,20/6/2015
3559,.C@=T,FALSE,17/6/2015
2730,-GQ4@,FALSE,13/6/2015
5644,-FNUL,FALSE,6/6/2015
2175,ROBN6,FALSE,4/6/2015
-3261,MPUFU,FALSE,3/6/2015
-2006,C6K<>,FALSE,20/5/2015
9009,7GR0B,FALSE,11/5/2015
-1230,@PZ=@,FALSE,3/5/2015
4770,ZZB0D,FALSE,28/4/2015
-3429,QGDD.,FALSE,27/4/2015
7425,H9YHX,FALSE,21/4/2015
816,UEH?O,FALSE,6/4/2015
-2997,374L0,FALSE,5/4/2015
5923,M6?@H,FALSE,4/4/2015
3366,CS62:,FALSE,28/3/2015
-7866,S8.KZ,FALSE,27/3/2015
8209,TNK97,FALSE,24/3/2015
4641,KZD2V,FALSE,23/3/2015
-2797,MU:8U,FALSE,18/3/2015
-207,195JA,FALSE,18/3/2015
3692,66L6M,FALSE,17/3/2015
-7784,0IBRQ,FALSE,11/3/2015
-9781,1ISM6,FALSE,7/3/2015
-3873,?XAX6,FALSE,25/2/2015
-6673,5:0R-,FALSE,15/2/2015
-5773,LSG.-,FALSE,8/2/2015
471,4A<QL,FALSE,8/2/2015
-4144,DQQ/4,FALSE,23/1/2015
-1734,RDCEX,FALSE,15/1/2015
-315,AMO7<,FALSE,14/1/2015
8906,D89OY,FALSE,13/1/2015
5242,6PS<Z,FALSE,11/1/2015
-8191,;FC?H,FALSE,5/1/2015
8614,0EPFZ,FALSE,3/1/2015
8957,:DDA7,FALSE,3/1/2015
8378,U-HD3,FALSE,22/12/2014
6964,I:/JY,FALSE,21/12/2014
-7229,?LV?S,FALSE,19/12/2014
-6014,YE90A,FALSE,17/12/2014
-5409,FL.33,FALSE,17/12/2014
-9024,ICSMF,FALSE,15/12/2014
6410,SMN/R,FALSE,13/12/2014
1034,SE1S1,FALSE,12/12/2014
-2248,.1ROO,FALSE,24/11/2014
5652,Y402S,FALSE,2/11/2014
-5121,DNDKH,FALSE,22/10/2014
5915,SS2E0,FALSE,21/10/2014
-4484,WV/W2,FALSE,15/10/2014
-7217,CNVNI,FALSE,13/10/2014
-2213,Y<@Z=,FALSE,10/10/2014
5190,AV/X.,FALSE,24/9/2014
-7923,P3B7S,FALSE,16/9/2014
6102,:RI.>,FALSE,4/9/2014
9932,I@=R:,FALSE,4/9/2014
-5005,RGORE,FALSE,28/8/2014
3703,EK60G,FALSE,25/8/2014
585,-L?AA,FALSE,23/8/2014
4606,;AX0F,FALSE,22/8/2014
333,KL>1.,FALSE,7/8/2014
2053,M.AGW,FALSE,7/8/2014
2010,LPR;-,FALSE,27/7/2014
-9143,;/XAF,FALSE,19/7/2014
-1830,>MTGQ,FALSE,19/7/2014
7660,B;BED,FALSE,18/7/2014
3938,WHFRG,FALSE,16/7/2014
5707,G<MWI,FALSE,14/7/2014
-2066,EM7H>,FALSE,13/7/2014
-4839,O4CVE,FALSE,10/7/2014
3209,-=J8=,FALSE,2/7/2014
7550,Q561K,FALSE,2/7/2014
-2721,7@@H<,FALSE,24/6/2014
1744,SO;UF,FALSE,24/6/2014
1588,4WPNQ,FALSE,20/6/2014
776,GMR?-,FALSE,17/6/2014
4145,TADRJ,FALSE,16/6/2014
7229,5O7/I,FALSE,16/6/2014
1330,NWP>-,FALSE,12/6/2014
-5215,N=HTS,FALSE,5/6/2014
3668,-Z3H6,FALSE,3/6/2014
-1909,4DFMQ,FALSE,27/5/2014
-1181,YY1V@,FALSE,27/5/2014
3205,O?WA?,FALSE,24/5/2014
-5918,B-D?.,FALSE,21/5/2014
-9113,P0/JL,FALSE,11/5/2014
-4285,30U@C,FALSE,5/5/2014
-9710,KN4;Z,FALSE,3/5/2014
5585,19D73,FALSE,2/5/2014
-4320,.@21:,FALSE,23/4/2014
-8531,SE=:H,FALSE,22/4/2014
8779,P4AOS,FALSE,22/4/2014
8637,:BITP,FALSE,15/4/2014
3511,A>AVT,FALSE,12/4/2014
8348,6>9SQ,FALSE,4/4/2014
-6844,<FE3N,FALSE,27/3/2014
-1690,TR>FU,FALSE,20/3/2014
4506,F7UQU,FALSE,28/2/2014
-5808,DTZ?E,FALSE,20/2/2014
-5331,5FPU0,FALSE,20/2/2014
3425,1IG<H,FALSE,18/2/2014
7612,4Y70P,FALSE,17/2/2014
5388,48B=W,FALSE,14/2/2014
-1230,>LR7E,FALSE,8/2/2014
6829,I1ESF,FALSE,8/2/2014
4030,V3AK3,FALSE,22/1/2014
8037,QI.B6,FALSE,19/1/2014
-660,AUA4P,FALSE,16/1/2014
-7729,>2EZM,FALSE,6/1/2014
-2560,6@V11,FALSE,2/1/2014
-9557,NX0VI,FALSE,26/12/2013
9079,9QMM0,FALSE,18/12/2013
2662,K//YD,FALSE,17/11/2013
8731,?.18:,FALSE,15/11/2013
9575,Q/Q>.,FALSE,14/11/2013
672,=RV<-,FALSE,10/11/2013
7526,=TA?/,FALSE,24/10/2013
5910,H-30D,FALSE,21/10/2013
6117,UDDEC,FALSE,12/10/2013
8489,5;;VX,FALSE,10/10/2013
7647,47GN/,FALSE,4/10/2013
-8620,JN-?6,FALSE,19/9/2013
-7070,:/>5>,FALSE,4/9/2013
-8156,QP-1K,FALSE,3/9/2013
-3435,J421X,FALSE,2/9/2013
-3963,3Y.MX,FALSE,24/8/2013
172,TW.@R,FALSE,17/8/2013
4394,IY8T:,FALSE,17/8/2013
-7440,:SB3@,FALSE,13/8/2013
-3616,E6@OC,FALSE,7/8/2013
95,LRJW3,FALSE,7/8/2013
4148,/BY34,FALSE,7/8/2013
6993,>7JT8,FALSE,6/8/2013
-3722,2VL1U,FALSE,4/8/2013
-5498,MHD.G,FALSE,25/7/2013
-1758,0Z-K-,FALSE,16/7/2013
-4280,EIK9Y,FALSE,11/7/2013
7821,-VTNU,FALSE,8/7/2013
3184,>0C-.,FALSE,4/7/2013
5572,NQD0U,FALSE,10/6/2013
-5173,64LNZ,FALSE,2/6/2013
9212,064J7,FALSE,23/5/2013
-6440,X:WZY,FALSE,22/5/2013
8400,MW=?;,FALSE,17/5/2013
1931,.60@R,FALSE,15/5/2013
4373,<QGQF,FALSE,11/5/2013
4592,NN@CQ,FALSE,9/5/2013
-7561,TXL:Q,FALSE,5/5/2013
403,G4H2V,FALSE,5/5/2013
685,DFT9Y,FALSE,5/5/2013
6821,E0NM4,FALSE,4/5/2013
720,-L0FD,FALSE,20/4/2013
2340,WEI<T,FALSE,20/3/2013
-8498,TPU0:,FALSE,3/3/2013
-7349,IMOTU,FALSE,3/3/2013
-4793,:RHF1,FALSE,27/2/2013
3121,/NYA:,FALSE,23/2/2013
-6752,@996I,FALSE,18/2/2013
-9579,BQ1Y/,FALSE,14/2/2013
1576,-XO1I,FALSE,1/2/2013
-284,M>QU1,FALSE,24/1/2013
-69,NU.C;,FALSE,10/1/2013
-2986,24B1Y,FALSE,26/12/2012
8167,S6S/X,FALSE,20/12/2012
7723,2A7@N,FALSE,19/12/2012
3299,OIOSB,FALSE,13/12/2012
6296,FDK:A,FALSE,11/12/2012
4736,:EC2L,FALSE,7/12/2012
-5417,Q0IZS,FALSE,5/12/2012
4206,EBQK.,FALSE,5/12/2012
-7480,N<E2<,FALSE,3/12/2012
-8110,XPDJZ,FALSE,27/11/2012
-5340,A5M@P,FALSE,27/11/2012
-6262,B?U9Z,FALSE,24/11/2012
-3194,UK-O:,FALSE,24/11/2012
-1371,HXPH0,FALSE,17/11/2012
-2531,BZ@:K,FALSE,14/11/2012
-8923,<7LU:,FALSE,13/11/2012
9698,V/=NB,FALSE,12/11/2012
6658,QZ0:C,FALSE,28/10/2012
-4288,5TN@S,FALSE,14/10/2012
3618,54D<6,FALSE,7/10/2012
-998,4B1<:,FALSE,4/10/2012
2765,2MOT4,FALSE,16/9/2012
1397,38/>2,FALSE,14/9/2012
8678,N8ZN.,FALSE,26/8/2012
-2235,E7YN0,FALSE,10/8/2012
-1507,AL8SV,FALSE,25/7/2012
8386,WKIOY,FALSE,22/7/2012
-9662,5=YYB,FALSE,21/7/2012
-8395,8PL86,FALSE,17/7/2012
6049,KAILF,FALSE,16/7/2012
6581,SWFW/,FALSE,15/7/2012
-1899,E2S6E,FALSE,14/7/2012
-119,IGT?A,FALSE,3/7/2012
5949,AQOB>,FALSE,27/6/2012
4171,M/3/Z,FALSE,24/6/2012
8093,JV1=1,FALSE,21/6/2012
1251,EM.NA,FALSE,19/6/2012
9338,AL45U,FALSE,11/6/2012
-5260,;RA>/,FALSE,3/6/2012
-5233,9WK>W,FALSE,3/6/2012
4089,2@H7C,FALSE,2/6/2012
2322,S/E8;,FALSE,1/6/2012
-3198,0CMQ5,FALSE,21/5/2012
-6467,F;<OT,FALSE,14/5/2012
-3182,4?P-B,FALSE,2/5/2012
3257,/==?H,FALSE,2/5/2012
662,>Z/O3,FALSE,25/4/2012
-471,/=LF7,FALSE,16/4/2012
6974,RE@B.,FALSE,5/4/2012
8442,II3QW,FALSE,1/4/2012
-4652,BXEM=,FALSE,17/3/2012
4471,3RQ:Y,FALSE,16/3/2012
3199,2.1HC,FALSE,9/3/2012
-523,V759>,FALSE,8/3/2012
9983,KYGX/,FALSE,4/3/2012
9369,7:S?Z,FALSE,24/2/2012
-3462,U43>/,FALSE,19/2/2012
-254,YHN6?,FALSE,19/2/2012
7089,3<OWL,FALSE,19/2/2012
-1433,L35XT,FALSE,15/2/2012
-952,GUT55,FALSE,8/2/2012
3699,=0@-;,FALSE,8/2/2012
-6087,M2>63,FALSE,4/2/2012
113,1L:40,FALSE,2/2/2012
-1798,9U1RO,FALSE,28/1/2012
7477,KWT>H,FALSE,18/1/2012
-9146,1WR9>,FALSE,8/1/2012
-6233,>5A8-,FALSE,5/1/2012
1652,?3BJ0,FALSE,28/12/2011
8473,?H2GI,FALSE,9/12/2011
7697,B3RNH,FALSE,1/12/2011
-5902,C8Y6>,FALSE,28/11/2011
-6486,.4V7Q,FALSE,27/11/2011
-7079,AM0QY,FALSE,20/11/2011
-279,L0<P6,FALSE,9/11/2011
-160,55?<X,FALSE,1/11/2011
-9759,GZM:N,FALSE,28/10/2011
-5368,W?.9A,FALSE,28/10/2011
2230,DQSII,FALSE,24/10/2011
3663,G8PY2,FALSE,18/10/2011
-6482,;KCQU,FALSE,13/10/2011
-3410,DNJ=X,FALSE,3/10/2011
-3745,4F16<,FALSE,1/10/2011
5118,=FY@:,FALSE,1/10/2011
1124,YHI?F,FALSE,27/9/2011
254,U=P5P,FALSE,24/9/2011
-1041,ZK-2T,FALSE,14/9/2011
-5621,B;@Z/,FALSE,1/9/2011
-800,Q;GZB,FALSE,26/8/2011
-9219,6Y<JW,FALSE,25/8/2011
-5370,5YCN?,FALSE,21/8/2011
-5807,:ZNRB,FALSE,9/8/2011
-4806,W@7HT,FALSE,26/7/2011
-815,Q>L7L,FALSE,24/7/2011
-6359,XG3V6,FALSE,21/7/2011
-9664,;97QL,FALSE,17/7/2011
-3763,>KEG>,FALSE,4/7/2011
423,3PK5=,FALSE,24/6/2011
-5806,GD>JQ,FALSE,20/6/2011
-1456,:G:C?,FALSE,12/6/2011
-5171,M?T7M,FALSE,6/6/2011
-4548,GFRL.,FALSE,22/5/2011
-8212,K=VVQ,FALSE,9/5/2011
-7372,ZV7VV,FALSE,5/5/2011
-2432,NIG2<,FALSE,3/5/2011
-238,EBX>Q,FALSE,22/4/2011
-9916,B=B/-,FALSE,17/4/2011
4446,K:-F<,FALSE,10/4/2011
-3945,1S<X0,FALSE,3/4/2011
-3593,B/1.O,FALSE,3/4/2011
4090,OHHFC,FALSE,24/3/2011
9852,GKWUE,FALSE,8/3/2011
4268,1IL2H,FALSE,1/3/2011
-4012,S3DLQ,FALSE,18/2/2011
-6248,/PF8.,FALSE,16/2/2011
6764,S0H93,FALSE,14/2/2011
4494,U.B>6,FALSE,12/2/2011
88,GTONF,FALSE,10/2/2011
-299,55QX.,FALSE,7/2/2011
2008,4>.AI,FALSE,7/2/2011
6596,IGXCL,FALSE,11/1/2011
230,PU82S,FALSE,8/1/2011
8647,:N8G=,FALSE,18/12/2010
1690,>JM2V,FALSE,13/12/2010
4226,?NE-K,FALSE,11/12/2010
-8303,EMGL5,FALSE,10/12/2010
-7183,F>UM3,TRUE,28/12/2017
5060,Y2>RP,TRUE,22/12/2017
-8276,W1TNB,TRUE,14/12/2017
8273,YXYU-,TRUE,10/12/2017
2994,OP6Y?,TRUE,9/12/2017
-4139,@9TTA,TRUE,4/12/2017
7747,WZA;Y,TRUE,14/11/2017
2000,5XOYE,TRUE,7/11/2017
4408,;P3KV,TRUE,25/10/2017
-1507,7H2@8,TRUE,21/10/2017
-1201,.S<BQ,TRUE,21/10/2017
-549,=L:IO,TRUE,18/10/2017
1353,4J@W5,TRUE,12/10/2017
7583,WC4E?,TRUE,8/10/2017
1170,V1CIT,TRUE,28/9/2017
-8537,UC.NI,TRUE,25/9/2017
-4435,0<U@Z,TRUE,25/9/2017
-445,QA52J,TRUE,12/9/2017
5641,UTP2G,TRUE,12/9/2017
9613,4UG3-,TRUE,2/9/2017
1049,//-K0,TRUE,26/8/2017
994,Q>-X/,TRUE,25/8/2017
-3513,LV4QU,TRUE,21/8/2017
-8979,44H71,TRUE,20/8/2017
-7212,?WEXQ,TRUE,17/8/2017
7742,2?3CT,TRUE,14/8/2017
-6321,G.LI4,TRUE,5/8/2017
-7719,F=3JA,TRUE,7/7/2017
6267,-I.VB,TRUE,1/7/2017
893,XLR/>,TRUE,22/6/2017
-9742,EQA9A,TRUE,21/6/2017
-4008,B/1Q4,TRUE,11/6/2017
2099,ZNS4X,TRUE,9/6/2017
7812,Y1.@2,TRUE,7/6/2017
3458,ZLL7M,TRUE,6/6/2017
9370,1X:2T,TRUE,26/5/2017
6591,B1J7<,TRUE,25/5/2017
-3267,ZO36G,TRUE,18/5/2017
-3672,Q/.J2,TRUE,17/5/2017
-596,O:K60,TRUE,17/5/2017
-7174,8GT//,TRUE,15/5/2017
-3096,?;XJ7,TRUE,9/5/2017
4388,@6?0/,TRUE,6/5/2017
-2989,;XE=E,TRUE,20/4/2017
-2746,1JH/E,TRUE,16/4/2017
-3265,1CTRX,TRUE,7/4/2017
1982,=RROK,TRUE,24/3/2017
37,W;H;K,TRUE,23/3/2017
-1127,ZSJ6T,TRUE,21/3/2017
-1940,BC3LZ,TRUE,20/3/2017
9832,V8W@6,TRUE,18/3/2017
-3149,DBJY?,TRUE,12/3/2017
-5108,307Y:,TRUE,6/3/2017
7700,354LW,TRUE,1/3/2017
843,K4?DJ,TRUE,28/2/2017
1922,N5W.A,TRUE,23/2/2017
4110,PEKU2,TRUE,21/2/2017
8781,O@YQ<,TRUE,17/2/2017
9176,:R2MA,TRUE,14/2/2017
-6268,J<KX:,TRUE,12/2/2017
2256,BLW6C,TRUE,3/2/2017
6970,1O8A/,TRUE,23/1/2017
1579,80797,TRUE,22/1/2017
-6049,GVN-=,TRUE,15/1/2017
-2088,FJ54G,TRUE,15/1/2017
2604,T5/P;,TRUE,15/1/2017
3804,NVSM-,TRUE,13/1/2017
-6817,ZH-D9,TRUE,11/1/2017
-3386,2YFD5,TRUE,8/1/2017
6522,57DHY,TRUE,8/1/2017
-1933,0EJ2.,TRUE,24/12/2016
-1733,2QC28,TRUE,13/12/2016
-4331,?NLKB,TRUE,8/12/2016
2140,LUKP0,TRUE,1/12/2016
3142,GWHMN,TRUE,1/12/2016
-9139,BRQ.>,TRUE,28/11/2016
8627,6O>/9,TRUE,26/11/2016
-6606,T.<=W,TRUE,22/11/2016
-3421,AD2:E,TRUE,18/11/2016
6518,25Y@R,TRUE,6/11/2016
6794,-7@/G,TRUE,25/10/2016
-1723,D2AD-,TRUE,13/10/2016
6507,<=-B@,TRUE,6/10/2016
864,8ZJA4,TRUE,28/9/2016
2417,4AJQZ,TRUE,23/9/2016
5380,-4ZXW,TRUE,23/9/2016
-7856,Z0::R,TRUE,9/9/2016
2288,RDO;N,TRUE,5/9/2016
9845,NJRD:,TRUE,2/9/2016
-9236,HYP8G,TRUE,28/8/2016
-163,GDOQ?,TRUE,25/8/2016
-7267,QU08X,TRUE,12/8/2016
-6683,CPU<K,TRUE,5/8/2016
2080,.83B5,TRUE,3/8/2016
-9881,5XUU2,TRUE,2/8/2016
2044,PH.M?,TRUE,20/7/2016
1430,Q46?8,TRUE,18/7/2016
8290,FZ10J,TRUE,3/7/2016
-3367,PVRA7,TRUE,21/6/2016
-6898,VE<TQ,TRUE,16/6/2016
3006,DJ5D.,TRUE,10/6/2016
-1790,1>O?<,TRUE,6/6/2016
-3776,THRTB,TRUE,3/6/2016
3771,.AP-S,TRUE,2/6/2016
6099,FQ0@L,TRUE,1/6/2016
-5908,G83?>,TRUE,25/5/2016
6258,;A?:0,TRUE,10/5/2016
-9414,DV4:W,TRUE,7/5/2016
5496,/F::R,TRUE,7/5/2016
-5693,D@5M6,TRUE,1/5/2016
-249,F2736,TRUE,20/4/2016
-2482,V<XZ?,TRUE,18/4/2016
-3974,<NKLM,TRUE,16/4/2016
-9409,7V4R9,TRUE,14/4/2016
-2717,.F=-<,TRUE,6/4/2016
-5708,:JB74,TRUE,21/3/2016
-5909,3YCX=,TRUE,18/3/2016
-1944,WDCKS,TRUE,18/3/2016
-8241,SF<>X,TRUE,17/3/2016
4992,0Y.;8,TRUE,15/3/2016
7828,K@6UB,TRUE,13/3/2016
-7995,6L8OS,TRUE,1/3/2016
5504,Z8CJH,TRUE,27/2/2016
-9796,@OQSI,TRUE,13/2/2016
-9070,1F@X:,TRUE,10/2/2016
-7947,0@V<D,TRUE,4/2/2016
716,UMYYS,TRUE,23/1/2016
9272,H1QQY,TRUE,3/1/2016
-2243,3;90D,TRUE,21/12/2015
1685,QP62G,TRUE,18/12/2015
8408,?FBY-,TRUE,17/12/2015
9698,2ZKHR,TRUE,14/12/2015
-5462,D3S;N,TRUE,10/12/2015
-8420,ZR7?C,TRUE,6/12/2015
-4230,D:Y:M,TRUE,1/12/2015
8071,1YE47,TRUE,20/11/2015
-7145,JQT9?,TRUE,6/11/2015
4152,<R2?E,TRUE,21/10/2015
-574,4DW55,TRUE,9/10/2015
-207,?:ETI,TRUE,5/10/2015
-2697,>B09K,TRUE,27/9/2015
-2426,BX-?N,TRUE,25/9/2015
3065,BD3Q<,TRUE,22/9/2015
-2965,HN;3=,TRUE,18/9/2015
-1713,YM@.;,TRUE,13/9/2015
-227,8.M3Y,TRUE,5/9/2015
7004,OG/EQ,TRUE,14/8/2015
-6340,6Z7K@,TRUE,12/8/2015
6231,U?1C>,TRUE,8/8/2015
9849,D98E5,TRUE,8/8/2015
5459,6JTG?,TRUE,7/8/2015
-4558,-P3ZZ,TRUE,3/8/2015
-7154,-5AIS,TRUE,28/7/2015
7709,=V3W@,TRUE,28/7/2015
729,.MALK,TRUE,26/7/2015
4124,5VLM7,TRUE,23/7/2015
3899,;XX>I,TRUE,9/7/2015
5284,OJ759,TRUE,3/7/2015
8083,OM-;F,TRUE,24/6/2015
222,GIHKK,TRUE,14/6/2015
4784,@-?=P,TRUE,3/6/2015
400,0<A6>,TRUE,20/5/2015
-5065,DU8:D,TRUE,12/5/2015
-35,2G?3>,TRUE,8/5/2015
6061,HHH2/,TRUE,2/5/2015
6078,MB9RW,TRUE,17/4/2015
-9865,KOF;6,TRUE,8/4/2015
530,99IQE,TRUE,5/4/2015
-9880,LD2OQ,TRUE,27/3/2015
-4372,MJMZE,TRUE,24/3/2015
8093,/2</C,TRUE,21/3/2015
-5659,SSR21,TRUE,20/3/2015
1348,F?CKQ,TRUE,4/3/2015
4683,RBTIJ,TRUE,2/3/2015
5498,Z7G/A,TRUE,26/2/2015
2850,T7R7R,TRUE,24/2/2015
8929,C>J3-,TRUE,23/2/2015
3791,Q-3-Z,TRUE,15/2/2015
-9819,JUO>U,TRUE,12/2/2015
-6134,X/P;L,TRUE,28/1/2015
9713,0C:2C,TRUE,27/1/2015
-6175,OT8NG,TRUE,26/1/2015
9399,CO0TM,TRUE,23/1/2015
-2818,DMIE.,TRUE,18/1/2015
6390,4;/=C,TRUE,14/1/2015
5748,IMGW.,TRUE,8/1/2015
177,DXQRL,TRUE,27/12/2014
-4631,.B2R/,TRUE,26/12/2014
1612,/P-F@,TRUE,23/12/2014
3536,-VSPG,TRUE,18/12/2014
-2465,YRFKL,TRUE,10/12/2014
-7764,Y.8UO,TRUE,4/12/2014
-1065,IN9YD,TRUE,2/12/2014
-939,R?<AO,TRUE,24/11/2014
3681,IK;4U,TRUE,22/11/2014
-5083,GP=W/,TRUE,19/11/2014
1267,KOJQ?,TRUE,19/11/2014
-9774,ZDT-B,TRUE,15/11/2014
-1273,DX1W9,TRUE,10/11/2014
2180,OU;XG,TRUE,5/11/2014
7125,UO3XB,TRUE,3/11/2014
1764,KHUT=,TRUE,27/10/2014
8851,9UVO3,TRUE,22/10/2014
2851,RANIT,TRUE,21/10/2014
9129,F661U,TRUE,21/10/2014
3228,KB1AI,TRUE,19/10/2014
-8251,07MMF,TRUE,16/10/2014
4736,=D9.>,TRUE,13/10/2014
8807,8;5B/,TRUE,7/10/2014
-603,H<DFL,TRUE,6/10/2014
-4723,1XDHR,TRUE,5/10/2014
-5504,KS9H=,TRUE,3/10/2014
-1083,M:PR1,TRUE,28/9/2014
-970,?T-N<,TRUE,16/9/2014
-570,DK?.2,TRUE,16/9/2014
1001,W7B>J,TRUE,16/9/2014
-1272,T/3IR,TRUE,15/9/2014
3355,G<:50,TRUE,14/9/2014
5460,0@E86,TRUE,10/9/2014
6349,6OM:C,TRUE,9/9/2014
-4988,K2Q<R,TRUE,1/9/2014
5125,UNQTG,TRUE,28/8/2014
-9841,AQ:>X,TRUE,17/8/2014
3786,HCBH/,TRUE,16/8/2014
-8901,>UYFJ,TRUE,5/8/2014
2880,A9AW=,TRUE,19/7/2014
7966,JB@>:,TRUE,8/7/2014
7658,=WAOW,TRUE,7/7/2014
7817,XK7EN,TRUE,4/7/2014
2318,29;ZR,TRUE,2/7/2014
-9765,W>0LA,TRUE,26/6/2014
5814,D66=N,TRUE,26/6/2014
5323,59Y2T,TRUE,25/6/2014
-1027,NH6Y6,TRUE,13/6/2014
6628,PCN>I,TRUE,13/6/2014
-4741,O-43@,TRUE,10/6/2014
1867,H8B@0,TRUE,10/6/2014
-8790,KRENS,TRUE,7/6/2014
2430,NN4NN,TRUE,5/6/2014
-7436,QLAUZ,TRUE,3/6/2014
1559,XXIKK,TRUE,27/5/2014
-2454,FDR=R,TRUE,12/5/2014
178,ISY?H,TRUE,12/5/2014
6880,5J-IJ,TRUE,12/5/2014
9464,N@8NK,TRUE,3/5/2014
7771,5WX2.,TRUE,20/4/2014
-478,F2=A4,TRUE,19/4/2014
2649,/Q5QF,TRUE,19/4/2014
7243,8WK5W,TRUE,14/4/2014
-3422,HZA;1,TRUE,12/4/2014
-7893,4=>>@,TRUE,10/4/2014
-8780,SC2@6,TRUE,13/3/2014
3429,TN0<U,TRUE,4/3/2014
-814,TJV.A,TRUE,21/2/2014
-918,LFZ=4,TRUE,16/2/2014
-4119,K?OUO,TRUE,9/2/2014
4352,:28ZA,TRUE,2/2/2014
8618,;=.ST,TRUE,19/1/2014
9874,;Q9GJ,TRUE,13/1/2014
-1545,IU?XT,TRUE,8/1/2014
-9543,7EF9O,TRUE,5/1/2014
-8305,998QR,TRUE,4/1/2014
9699,I<J;G,TRUE,18/12/2013
1364,S3YC:,TRUE,17/12/2013
-9515,O/Q@T,TRUE,2/12/2013
4647,YZJUP,TRUE,1/12/2013
8527,D;:WB,TRUE,27/11/2013
-6236,?C65H,TRUE,21/11/2013
2048,YHL0A,TRUE,14/11/2013
-8524,/Q:YZ,TRUE,5/11/2013
5894,<-LU;,TRUE,28/10/2013
8605,C?.P2,TRUE,26/10/2013
-695,.J2P;,TRUE,25/10/2013
8754,0KS@>,TRUE,10/10/2013
-9300,00-1@,TRUE,2/10/2013
7810,.7LB8,TRUE,1/10/2013
4820,-@.3:,TRUE,21/9/2013
-8971,-?>-N,TRUE,18/9/2013
-6868,->XKN,TRUE,13/9/2013
-3438,NAR4D,TRUE,12/9/2013
3712,-E7DT,TRUE,10/9/2013
6468,IJSGL,TRUE,1/9/2013
-4829,C<L7Z,TRUE,25/8/2013
8665,4F08=,TRUE,20/8/2013
-3266,.95WU,TRUE,18/8/2013
5014,NYJEC,TRUE,13/8/2013
4379,C@;1Q,TRUE,10/8/2013
9594,VK-B5,TRUE,21/7/2013
-4833,=6F12,TRUE,20/7/2013
5819,>Q7S-,TRUE,19/7/2013
6957,YU3GT,TRUE,14/7/2013
3067,:-YMP,TRUE,8/7/2013
-9791,LHPSI,TRUE,3/7/2013
211,8;67E,TRUE,28/6/2013
572,:>FV8,TRUE,21/6/2013
-2097,CFIZH,TRUE,17/6/2013
6761,844JS,TRUE,17/6/2013
5289,Q/T2I,TRUE,15/6/2013
-8811,2Z::H,TRUE,12/6/2013
420,ZHJB.,TRUE,12/6/2013
264,AB>B4,TRUE,11/6/2013
-5466,ZYDFK,TRUE,5/6/2013
-2769,8B78C,TRUE,27/5/2013
-7036,5F..D,TRUE,25/5/2013
8623,IN5MW,TRUE,25/5/2013
8042,R@RI9,TRUE,24/5/2013
9579,X:IG?,TRUE,17/5/2013
-372,8RI;T,TRUE,15/4/2013
-1506,1?62.,TRUE,6/4/2013
5712,;>6SW,TRUE,6/4/2013
-3996,P/J9;,TRUE,4/4/2013
3488,?XYLZ,TRUE,1/4/2013
-3825,-F5?W,TRUE,10/3/2013
-9405,>F?9<,TRUE,7/3/2013
-2820,11A.M,TRUE,5/3/2013
4492,ECA9R,TRUE,1/3/2013
-9756,5L9E.,TRUE,24/2/2013
5046,8XATC,TRUE,22/2/2013
-5317,29EIU,TRUE,18/2/2013
4769,JYJT-,TRUE,15/2/2013
-4801,NJV1-,TRUE,4/2/2013
-1016,VVFNZ,TRUE,12/1/2013
-6129,GC/6<,TRUE,11/1/2013
-7198,F13LK,TRUE,26/12/2012
-4737,OSAV7,TRUE,20/12/2012
7643,W31CL,TRUE,20/12/2012
4122,F6XJC,TRUE,19/12/2012
-1012,31JYH,TRUE,17/12/2012
-2379,<-Y@U,TRUE,3/12/2012
-8937,<959M,TRUE,2/12/2012
-5899,=X6F<,TRUE,15/11/2012
3512,@=IMI,TRUE,12/11/2012
8487,9HY6.,TRUE,8/11/2012
-8271,KQ2WQ,TRUE,7/11/2012
1705,1LDH=,TRUE,2/11/2012
-5886,?L7VM,TRUE,22/10/2012
111,@=C6>,TRUE,21/10/2012
5582,JMNN.,TRUE,19/10/2012
1602,DIJ2S,TRUE,15/10/2012
7304,1P0JY,TRUE,13/10/2012
5935,I98MR,TRUE,8/10/2012
-9241,9BA-8,TRUE,7/10/2012
8510,P14K:,TRUE,5/10/2012
5430,ZJH;K,TRUE,15/9/2012
-9870,CO:/Q,TRUE,11/9/2012
-6440,M?ZXG,TRUE,11/9/2012
1101,HCFXD,TRUE,10/9/2012
4998,GM4CO,TRUE,6/9/2012
-5937,8.E1;,TRUE,25/8/2012
5125,?82MJ,TRUE,12/8/2012
9007,-0:K.,TRUE,5/8/2012
-3106,.M=U7,TRUE,4/8/2012
-916,NG.CO,TRUE,27/7/2012
8228,Q/L/?,TRUE,11/7/2012
-638,GXF11,TRUE,8/7/2012
-6990,Y@0VF,TRUE,7/7/2012
-2769,LTORV,TRUE,3/7/2012
-8887,G6JPB,TRUE,1/7/2012
-7719,<MP42,TRUE,24/6/2012
-691,NBL0G,TRUE,18/6/2012
2220,AW=HF,TRUE,26/5/2012
-5176,FJJ8H,TRUE,18/5/2012
4669,HG0-K,TRUE,18/5/2012
2935,FIO5:,TRUE,12/5/2012
698,27R3N,TRUE,8/5/2012
3069,M8S81,TRUE,8/5/2012
-7273,>YZ9B,TRUE,5/5/2012
1637,L3=21,TRUE,4/5/2012
228,L=UEI,TRUE,4/4/2012
4066,YCD?C,TRUE,23/3/2012
7465,.8K<B,TRUE,18/3/2012
4,QJLMB,TRUE,15/3/2012
-556,W<A.X,TRUE,3/3/2012
-1270,FO4R:,TRUE,28/2/2012
2809,>C=SN,TRUE,27/2/2012
-1384,KZT05,TRUE,20/2/2012
3783,=Z0Z@,TRUE,19/2/2012
-6854,.NQMK,TRUE,8/2/2012
-3808,O?W/H,TRUE,4/2/2012
-4432,T.CBR,TRUE,12/1/2012
-2027,:-A4K,TRUE,8/1/2012
9116,CP0Q3,TRUE,2/1/2012
567,DYP2L,TRUE,28/12/2011
-4772,CYST.,TRUE,26/12/2011
8176,?I/VP,TRUE,26/12/2011
6949,VZY=8,TRUE,23/12/2011
5896,AE27:,TRUE,22/12/2011
-7462,RD?AZ,TRUE,16/12/2011
8144,-6B45,TRUE,10/12/2011
8675,FK9/=,TRUE,9/12/2011
9525,<GILP,TRUE,3/12/2011
-5000,>=F@Q,TRUE,25/11/2011
-9331,=0J7Z,TRUE,24/11/2011
7305,91VFI,TRUE,17/11/2011
9568,4/</H,TRUE,16/11/2011
-4796,I.CS8,TRUE,22/10/2011
7961,KNLPW,TRUE,3/10/2011
6755,ECQIW,TRUE,2/10/2011
8142,Z<N1Z,TRUE,27/9/2011
5000,OC3/S,TRUE,21/9/2011
7878,HUPL:,TRUE,18/9/2011
1530,49ZUF,TRUE,5/9/2011
7049,CCHJ4,TRUE,2/9/2011
7959,QR6D=,TRUE,28/8/2011
-9917,CO;7Z,TRUE,17/8/2011
-2003,LJKX7,TRUE,12/8/2011
-3449,ST4NF,TRUE,5/8/2011
-8953,R.5WW,TRUE,1/8/2011
3612,C=PW>,TRUE,27/7/2011
2630,B--K1,TRUE,19/7/2011
-5523,TAB.8,TRUE,15/7/2011
6139,7JLNQ,TRUE,12/7/2011
-994,1RV4P,TRUE,4/7/2011
-7302,W7IEN,TRUE,16/6/2011
5999,P9@TQ,TRUE,14/6/2011
8073,/?IL/,TRUE,14/6/2011
9396,266VA,TRUE,14/6/2011
8654,7@.AU,TRUE,13/6/2011
-6246,4PDO8,TRUE,27/5/2011
-8809,K4I6S,TRUE,21/5/2011
6917,PPHIR,TRUE,18/5/2011
159,PJNCS,TRUE,10/5/2011
6698,ZBA-O,TRUE,3/5/2011
183,Q3FFS,TRUE,25/4/2011
1871,HL0><,TRUE,21/4/2011
3075,9OFP7,TRUE,20/4/2011
-6837,0ZQP-,TRUE,17/4/2011
-3029,39YB@,TRUE,8/4/2011
7660,5EKH:,TRUE,8/4/2011
-852,3/AU4,TRUE,25/3/2011
-7106,25A?Z,TRUE,21/3/2011
913,N?XY=,TRUE,10/3/2011
-7826,?VQFS,TRUE,5/3/2011
3876,P03A<,TRUE,3/3/2011
-1976,Z9L:E,TRUE,26/2/2011
-6836,1ZA-0,TRUE,13/2/2011
-5815,3EDEV,TRUE,13/2/2011
-7681,R<81R,TRUE,12/2/2011
694,1EK:D,TRUE,8/2/2011
9831,=F:X9,TRUE,1/2/2011
3186,2@=V2,TRUE,21/1/2011
-7020,5RT-J,TRUE,17/1/2011
704,DCRQ:,TRUE,16/1/2011
-4338,X/U9J,TRUE,13/1/2011
-4641,.;WY6,TRUE,6/1/2011
-5906,HGV04,TRUE,4/1/2011
-6577,01K8:,TRUE,27/12/2010
8334,LB143,TRUE,12/12/2010
8336,:G59V,TRUE,12/12/2010
-2611,6EUX8,TRUE,10/12/2010
